<?xml version = "1.0" encoding = "utf-8"?>
<!DOCTYPE hibernate-configuration SYSTEM
        "http://www.hibernate.org/dtd/hibernate-configuration-3.0.dtd">
<!--suppress CheckTagEmptyBody -->
<hibernate-configuration>
    <session-factory>

        <!-- MySQL Database -->
        <!-- Drop and re-create the database on startup -->
        <property name="hibernate.hbm2ddl.auto"> create-drop </property>

        <!-- Database connection settings -->
        <property name="connection.driver_class">com.mysql.cj.jdbc.Driver</property>

        <!--Creates database, if it does not exist-->
        <property name="connection.url">jdbc:mysql://localhost:3306/smsdb-ll?createDatabaseIfNotExist=true</property>
        <property name="connection.username">root</property>
        <property name="connection.password">SzhengSQL123</property>

        <!-- MySQL DB dialect -->
        <property name="dialect">org.hibernate.dialect.MySQLDialect</property>
        <!-- print all executed SQL on console -->
        <!--<property name="hibernate.show_sql" >true </property>-->
        <!-- <property name="hibernate.format_sql" >true </property>-->

        <!--   Mapping entity file -->
        <mapping class="sba.sms.models.Student"/>
        <mapping class="sba.sms.models.Course"/>

    </session-factory>
</hibernate-configuration>